USE [aspnet-EvaluationDb]
GO
SET IDENTITY_INSERT [dbo].[EvaluationScales] ON 

INSERT [dbo].[EvaluationScales] ([Id], [Name], [Description]) VALUES (1, N'Basic 6 Point Rating Scale', NULL)
INSERT [dbo].[EvaluationScales] ([Id], [Name], [Description]) VALUES (2, N'Basic 5 Point Effectiveness Rating Scale', NULL)
SET IDENTITY_INSERT [dbo].[EvaluationScales] OFF
SET IDENTITY_INSERT [dbo].[EvaluationScaleOption] ON 

INSERT [dbo].[EvaluationScaleOption] ([Id], [Name], [Description], [Value], [EvaluationScaleId]) VALUES (2, N'Strongly
Disagree', NULL, 1, 1)
INSERT [dbo].[EvaluationScaleOption] ([Id], [Name], [Description], [Value], [EvaluationScaleId]) VALUES (3, N'Disagree', NULL, 2, 1)
INSERT [dbo].[EvaluationScaleOption] ([Id], [Name], [Description], [Value], [EvaluationScaleId]) VALUES (4, N'Slightly
Disagree', NULL, 3, 1)
INSERT [dbo].[EvaluationScaleOption] ([Id], [Name], [Description], [Value], [EvaluationScaleId]) VALUES (5, N'Slightly
Agree', NULL, 4, 1)
INSERT [dbo].[EvaluationScaleOption] ([Id], [Name], [Description], [Value], [EvaluationScaleId]) VALUES (6, N'Agree', NULL, 5, 1)
INSERT [dbo].[EvaluationScaleOption] ([Id], [Name], [Description], [Value], [EvaluationScaleId]) VALUES (7, N'Strongly Agree', NULL, 6, 1)
INSERT [dbo].[EvaluationScaleOption] ([Id], [Name], [Description], [Value], [EvaluationScaleId]) VALUES (8, N'Needs Significant Development', NULL, 1, 2)
INSERT [dbo].[EvaluationScaleOption] ([Id], [Name], [Description], [Value], [EvaluationScaleId]) VALUES (9, N'Needs Some Development', NULL, 2, 2)
INSERT [dbo].[EvaluationScaleOption] ([Id], [Name], [Description], [Value], [EvaluationScaleId]) VALUES (10, N'Capable and Effective', NULL, 3, 2)
INSERT [dbo].[EvaluationScaleOption] ([Id], [Name], [Description], [Value], [EvaluationScaleId]) VALUES (11, N'Very Effective', NULL, 4, 2)
INSERT [dbo].[EvaluationScaleOption] ([Id], [Name], [Description], [Value], [EvaluationScaleId]) VALUES (12, N'Not Observed', NULL, 0, 2)
SET IDENTITY_INSERT [dbo].[EvaluationScaleOption] OFF
SET IDENTITY_INSERT [dbo].[Evaluations] ON 

INSERT [dbo].[Evaluations] ([Id], [EvaluationName], [FormName], [Description], [ImportanceId], [Status], [CreatedBy], [ModifiedBy], [CreatedDate], [ModifiedDate], [EmployeeId], [LastEvaluatorId], [IsCompleted], [FormId]) VALUES (1, N'Core skills - May 2018', N'Philadelphia Project', N'Form to be used for evaluating skills specific for the Philadelphia Project', NULL, 1, 1, 3, CAST(N'0001-01-01T00:00:00.0000000' AS DateTime2), CAST(N'0001-01-01T00:00:00.0000000' AS DateTime2), 1, 1, 1, 1)
INSERT [dbo].[Evaluations] ([Id], [EvaluationName], [FormName], [Description], [ImportanceId], [Status], [CreatedBy], [ModifiedBy], [CreatedDate], [ModifiedDate], [EmployeeId], [LastEvaluatorId], [IsCompleted], [FormId]) VALUES (8, N'Core skills - May 2018', N'Philadelphia Project', N'Form to be used for evaluating skills specific for the Philadelphia Project', NULL, 1, 1, 3, CAST(N'2001-01-01T00:00:00.0000000' AS DateTime2), CAST(N'2001-01-01T00:00:00.0000000' AS DateTime2), 2, 1, 1, 1)
INSERT [dbo].[Evaluations] ([Id], [EvaluationName], [FormName], [Description], [ImportanceId], [Status], [CreatedBy], [ModifiedBy], [CreatedDate], [ModifiedDate], [EmployeeId], [LastEvaluatorId], [IsCompleted], [FormId]) VALUES (9, N'Communication skills - May 2018', N'Communication Form', N'Form for evaluating basic communication skills within a team', NULL, 1, 1, 3, CAST(N'2001-01-01T00:00:00.0000000' AS DateTime2), CAST(N'2001-01-01T00:00:00.0000000' AS DateTime2), 1, 1, 1, 2)
INSERT [dbo].[Evaluations] ([Id], [EvaluationName], [FormName], [Description], [ImportanceId], [Status], [CreatedBy], [ModifiedBy], [CreatedDate], [ModifiedDate], [EmployeeId], [LastEvaluatorId], [IsCompleted], [FormId]) VALUES (10, N'Communication skills - May 2018', N'Communication Form', N'Form for evaluating basic communication skills within a team', NULL, 1, 1, 3, CAST(N'2001-01-01T00:00:00.0000000' AS DateTime2), CAST(N'2001-01-01T00:00:00.0000000' AS DateTime2), 2, 1, 0, 2)
INSERT [dbo].[Evaluations] ([Id], [EvaluationName], [FormName], [Description], [ImportanceId], [Status], [CreatedBy], [ModifiedBy], [CreatedDate], [ModifiedDate], [EmployeeId], [LastEvaluatorId], [IsCompleted], [FormId]) VALUES (11, N'Test Evaluation - May 2018', N'Philadelphia Project', NULL, NULL, 0, 0, 0, CAST(N'0001-01-01T00:00:00.0000000' AS DateTime2), CAST(N'0001-01-01T00:00:00.0000000' AS DateTime2), 2, 1, 0, 0)
INSERT [dbo].[Evaluations] ([Id], [EvaluationName], [FormName], [Description], [ImportanceId], [Status], [CreatedBy], [ModifiedBy], [CreatedDate], [ModifiedDate], [EmployeeId], [LastEvaluatorId], [IsCompleted], [FormId]) VALUES (12, N'Test Evaluation - April 2018', N'Philadelphia Project', NULL, NULL, 0, 0, 0, CAST(N'0001-01-01T00:00:00.0000000' AS DateTime2), CAST(N'0001-01-01T00:00:00.0000000' AS DateTime2), 2, 1, 0, 0)
INSERT [dbo].[Evaluations] ([Id], [EvaluationName], [FormName], [Description], [ImportanceId], [Status], [CreatedBy], [ModifiedBy], [CreatedDate], [ModifiedDate], [EmployeeId], [LastEvaluatorId], [IsCompleted], [FormId]) VALUES (13, N'Philly Initial Evaluation', N'Philadelphia Project', NULL, NULL, 0, 1, 1, CAST(N'2018-05-17T15:06:51.7405963' AS DateTime2), CAST(N'2018-05-17T15:06:51.7407266' AS DateTime2), 2, 1, 0, 0)
INSERT [dbo].[Evaluations] ([Id], [EvaluationName], [FormName], [Description], [ImportanceId], [Status], [CreatedBy], [ModifiedBy], [CreatedDate], [ModifiedDate], [EmployeeId], [LastEvaluatorId], [IsCompleted], [FormId]) VALUES (1013, N'Eval Test May', N'Philadelphia Project', NULL, NULL, 0, 1, 1, CAST(N'2018-05-17T15:09:59.9314264' AS DateTime2), CAST(N'2018-05-17T15:09:59.9316683' AS DateTime2), 2, 1, 1, 0)
INSERT [dbo].[Evaluations] ([Id], [EvaluationName], [FormName], [Description], [ImportanceId], [Status], [CreatedBy], [ModifiedBy], [CreatedDate], [ModifiedDate], [EmployeeId], [LastEvaluatorId], [IsCompleted], [FormId]) VALUES (2013, N'Test 24', N'Philadelphia Project', NULL, NULL, 0, 1, 1, CAST(N'2018-05-17T15:17:27.8425748' AS DateTime2), CAST(N'2018-05-17T15:17:27.8427193' AS DateTime2), 4, 1, 1, 0)
INSERT [dbo].[Evaluations] ([Id], [EvaluationName], [FormName], [Description], [ImportanceId], [Status], [CreatedBy], [ModifiedBy], [CreatedDate], [ModifiedDate], [EmployeeId], [LastEvaluatorId], [IsCompleted], [FormId]) VALUES (2014, N'Test Default Grades', N'Philadelphia Project', NULL, NULL, 0, 1, 1, CAST(N'2018-05-18T12:36:09.6870429' AS DateTime2), CAST(N'2018-05-18T12:36:09.6871766' AS DateTime2), 2, 1, 1, 0)
INSERT [dbo].[Evaluations] ([Id], [EvaluationName], [FormName], [Description], [ImportanceId], [Status], [CreatedBy], [ModifiedBy], [CreatedDate], [ModifiedDate], [EmployeeId], [LastEvaluatorId], [IsCompleted], [FormId]) VALUES (2015, N'test ev', N'Philadelphia Project', NULL, NULL, 0, 1, 1, CAST(N'2018-05-18T13:26:03.5277488' AS DateTime2), CAST(N'2018-05-18T13:26:03.5278856' AS DateTime2), 2, 1, 1, 0)
INSERT [dbo].[Evaluations] ([Id], [EvaluationName], [FormName], [Description], [ImportanceId], [Status], [CreatedBy], [ModifiedBy], [CreatedDate], [ModifiedDate], [EmployeeId], [LastEvaluatorId], [IsCompleted], [FormId]) VALUES (2016, N'Test Eval with new code structure', N'Philadelphia Project', NULL, NULL, 0, 1, 1, CAST(N'2018-05-18T16:01:25.1546426' AS DateTime2), CAST(N'2018-05-18T16:01:25.1548045' AS DateTime2), 2, 1, 1, 0)
INSERT [dbo].[Evaluations] ([Id], [EvaluationName], [FormName], [Description], [ImportanceId], [Status], [CreatedBy], [ModifiedBy], [CreatedDate], [ModifiedDate], [EmployeeId], [LastEvaluatorId], [IsCompleted], [FormId]) VALUES (2017, N'Eval Test 87', N'Philadelphia Project', NULL, NULL, 0, 1, 1, CAST(N'2018-05-21T13:00:17.0873823' AS DateTime2), CAST(N'2018-05-21T13:00:17.0875144' AS DateTime2), 2, 1, 1, 0)
INSERT [dbo].[Evaluations] ([Id], [EvaluationName], [FormName], [Description], [ImportanceId], [Status], [CreatedBy], [ModifiedBy], [CreatedDate], [ModifiedDate], [EmployeeId], [LastEvaluatorId], [IsCompleted], [FormId]) VALUES (3017, N'Something something', N'Philadelphia Project', NULL, NULL, 0, 1, 1, CAST(N'2018-05-21T14:40:36.1334433' AS DateTime2), CAST(N'2018-05-21T14:40:36.1336154' AS DateTime2), 2, 1, 0, 0)
INSERT [dbo].[Evaluations] ([Id], [EvaluationName], [FormName], [Description], [ImportanceId], [Status], [CreatedBy], [ModifiedBy], [CreatedDate], [ModifiedDate], [EmployeeId], [LastEvaluatorId], [IsCompleted], [FormId]) VALUES (3018, N'Test 22', N'Philadelphia Project', NULL, NULL, 0, 1, 1, CAST(N'2018-05-21T15:45:10.5588977' AS DateTime2), CAST(N'2018-05-21T15:45:10.5590372' AS DateTime2), 2, 1, 0, 0)
INSERT [dbo].[Evaluations] ([Id], [EvaluationName], [FormName], [Description], [ImportanceId], [Status], [CreatedBy], [ModifiedBy], [CreatedDate], [ModifiedDate], [EmployeeId], [LastEvaluatorId], [IsCompleted], [FormId]) VALUES (4018, N'Test 25', N'Philadelphia Project', NULL, NULL, 0, 1, 1, CAST(N'2018-05-22T12:05:47.7444151' AS DateTime2), CAST(N'2018-05-22T12:05:47.7445583' AS DateTime2), 2, 1, 1, 0)
INSERT [dbo].[Evaluations] ([Id], [EvaluationName], [FormName], [Description], [ImportanceId], [Status], [CreatedBy], [ModifiedBy], [CreatedDate], [ModifiedDate], [EmployeeId], [LastEvaluatorId], [IsCompleted], [FormId]) VALUES (4019, N'Test 26', N'Philadelphia Project', NULL, NULL, 0, 1, 1, CAST(N'2018-05-22T12:15:24.3738669' AS DateTime2), CAST(N'2018-05-22T12:15:24.3740019' AS DateTime2), 2, 1, 1, 0)
INSERT [dbo].[Evaluations] ([Id], [EvaluationName], [FormName], [Description], [ImportanceId], [Status], [CreatedBy], [ModifiedBy], [CreatedDate], [ModifiedDate], [EmployeeId], [LastEvaluatorId], [IsCompleted], [FormId]) VALUES (5019, N'Test 27', N'Philadelphia Project', NULL, NULL, 0, 1, 1, CAST(N'2018-05-22T12:20:44.9698841' AS DateTime2), CAST(N'2018-05-22T12:20:44.9700583' AS DateTime2), 2, 1, 1, 0)
SET IDENTITY_INSERT [dbo].[Evaluations] OFF
SET IDENTITY_INSERT [dbo].[Section] ON 

INSERT [dbo].[Section] ([Id], [Name], [Description], [EvaluationScaleId], [ModifiedDate], [CreatedBy], [ModifiedBy], [EvaluationId]) VALUES (2, N'Software Engineering', N'Basic Software Engineering Principles', 1, CAST(N'2001-01-01T00:00:00.0000000' AS DateTime2), 3, 3, 1)
INSERT [dbo].[Section] ([Id], [Name], [Description], [EvaluationScaleId], [ModifiedDate], [CreatedBy], [ModifiedBy], [EvaluationId]) VALUES (4, N'Programming', N'Basic Programming Principles', 1, CAST(N'2001-01-01T00:00:00.0000000' AS DateTime2), 3, 3, 1)
INSERT [dbo].[Section] ([Id], [Name], [Description], [EvaluationScaleId], [ModifiedDate], [CreatedBy], [ModifiedBy], [EvaluationId]) VALUES (10, N'Software Engineering', N'Basic Software Engineering Principles', 1, CAST(N'2001-01-01T00:00:00.0000000' AS DateTime2), 3, 3, 8)
INSERT [dbo].[Section] ([Id], [Name], [Description], [EvaluationScaleId], [ModifiedDate], [CreatedBy], [ModifiedBy], [EvaluationId]) VALUES (11, N'Teamwork Analysis', N'Teamwork Analysis', 2, CAST(N'2001-01-01T00:00:00.0000000' AS DateTime2), 3, 3, 9)
INSERT [dbo].[Section] ([Id], [Name], [Description], [EvaluationScaleId], [ModifiedDate], [CreatedBy], [ModifiedBy], [EvaluationId]) VALUES (12, N'Teamwork Analysis', N'Teamwork Analysis', 2, CAST(N'2001-01-01T00:00:00.0000000' AS DateTime2), 3, 3, 10)
INSERT [dbo].[Section] ([Id], [Name], [Description], [EvaluationScaleId], [ModifiedDate], [CreatedBy], [ModifiedBy], [EvaluationId]) VALUES (13, N'Listening', N'Listening', 2, CAST(N'2001-01-01T00:00:00.0000000' AS DateTime2), 3, 3, 10)
INSERT [dbo].[Section] ([Id], [Name], [Description], [EvaluationScaleId], [ModifiedDate], [CreatedBy], [ModifiedBy], [EvaluationId]) VALUES (14, N'Respectful', N'Respectful', 2, CAST(N'2001-01-01T00:00:00.0000000' AS DateTime2), 3, 3, 10)
INSERT [dbo].[Section] ([Id], [Name], [Description], [EvaluationScaleId], [ModifiedDate], [CreatedBy], [ModifiedBy], [EvaluationId]) VALUES (15, N'Reliable', N'Reliable', 2, CAST(N'2001-01-01T00:00:00.0000000' AS DateTime2), 3, 3, 10)
INSERT [dbo].[Section] ([Id], [Name], [Description], [EvaluationScaleId], [ModifiedDate], [CreatedBy], [ModifiedBy], [EvaluationId]) VALUES (16, N'Software Engineering', NULL, 1, CAST(N'0001-01-01T00:00:00.0000000' AS DateTime2), 0, 0, 11)
INSERT [dbo].[Section] ([Id], [Name], [Description], [EvaluationScaleId], [ModifiedDate], [CreatedBy], [ModifiedBy], [EvaluationId]) VALUES (17, N'Programming', NULL, 1, CAST(N'0001-01-01T00:00:00.0000000' AS DateTime2), 0, 0, 11)
INSERT [dbo].[Section] ([Id], [Name], [Description], [EvaluationScaleId], [ModifiedDate], [CreatedBy], [ModifiedBy], [EvaluationId]) VALUES (18, N'Software Engineering', NULL, 1, CAST(N'0001-01-01T00:00:00.0000000' AS DateTime2), 0, 0, 12)
INSERT [dbo].[Section] ([Id], [Name], [Description], [EvaluationScaleId], [ModifiedDate], [CreatedBy], [ModifiedBy], [EvaluationId]) VALUES (19, N'Programming', NULL, 1, CAST(N'0001-01-01T00:00:00.0000000' AS DateTime2), 0, 0, 12)
INSERT [dbo].[Section] ([Id], [Name], [Description], [EvaluationScaleId], [ModifiedDate], [CreatedBy], [ModifiedBy], [EvaluationId]) VALUES (20, N'Software Engineering', NULL, 1, CAST(N'0001-01-01T00:00:00.0000000' AS DateTime2), 0, 0, 13)
INSERT [dbo].[Section] ([Id], [Name], [Description], [EvaluationScaleId], [ModifiedDate], [CreatedBy], [ModifiedBy], [EvaluationId]) VALUES (21, N'Programming', NULL, 1, CAST(N'0001-01-01T00:00:00.0000000' AS DateTime2), 0, 0, 13)
INSERT [dbo].[Section] ([Id], [Name], [Description], [EvaluationScaleId], [ModifiedDate], [CreatedBy], [ModifiedBy], [EvaluationId]) VALUES (1020, N'Software Engineering', NULL, 1, CAST(N'0001-01-01T00:00:00.0000000' AS DateTime2), 0, 0, 1013)
INSERT [dbo].[Section] ([Id], [Name], [Description], [EvaluationScaleId], [ModifiedDate], [CreatedBy], [ModifiedBy], [EvaluationId]) VALUES (1021, N'Programming', NULL, 1, CAST(N'0001-01-01T00:00:00.0000000' AS DateTime2), 0, 0, 1013)
INSERT [dbo].[Section] ([Id], [Name], [Description], [EvaluationScaleId], [ModifiedDate], [CreatedBy], [ModifiedBy], [EvaluationId]) VALUES (2020, N'Software Engineering', NULL, 1, CAST(N'0001-01-01T00:00:00.0000000' AS DateTime2), 0, 0, 2013)
INSERT [dbo].[Section] ([Id], [Name], [Description], [EvaluationScaleId], [ModifiedDate], [CreatedBy], [ModifiedBy], [EvaluationId]) VALUES (2021, N'Programming', NULL, 1, CAST(N'0001-01-01T00:00:00.0000000' AS DateTime2), 0, 0, 2013)
INSERT [dbo].[Section] ([Id], [Name], [Description], [EvaluationScaleId], [ModifiedDate], [CreatedBy], [ModifiedBy], [EvaluationId]) VALUES (2022, N'Software Engineering', NULL, 1, CAST(N'0001-01-01T00:00:00.0000000' AS DateTime2), 0, 0, 2014)
INSERT [dbo].[Section] ([Id], [Name], [Description], [EvaluationScaleId], [ModifiedDate], [CreatedBy], [ModifiedBy], [EvaluationId]) VALUES (2023, N'Programming', NULL, 1, CAST(N'0001-01-01T00:00:00.0000000' AS DateTime2), 0, 0, 2014)
INSERT [dbo].[Section] ([Id], [Name], [Description], [EvaluationScaleId], [ModifiedDate], [CreatedBy], [ModifiedBy], [EvaluationId]) VALUES (2024, N'Software Engineering', NULL, 1, CAST(N'0001-01-01T00:00:00.0000000' AS DateTime2), 0, 0, 2015)
INSERT [dbo].[Section] ([Id], [Name], [Description], [EvaluationScaleId], [ModifiedDate], [CreatedBy], [ModifiedBy], [EvaluationId]) VALUES (2025, N'Programming', NULL, 1, CAST(N'0001-01-01T00:00:00.0000000' AS DateTime2), 0, 0, 2015)
INSERT [dbo].[Section] ([Id], [Name], [Description], [EvaluationScaleId], [ModifiedDate], [CreatedBy], [ModifiedBy], [EvaluationId]) VALUES (2026, N'Software Engineering', NULL, 1, CAST(N'0001-01-01T00:00:00.0000000' AS DateTime2), 0, 0, 2016)
INSERT [dbo].[Section] ([Id], [Name], [Description], [EvaluationScaleId], [ModifiedDate], [CreatedBy], [ModifiedBy], [EvaluationId]) VALUES (2027, N'Programming', NULL, 1, CAST(N'0001-01-01T00:00:00.0000000' AS DateTime2), 0, 0, 2016)
INSERT [dbo].[Section] ([Id], [Name], [Description], [EvaluationScaleId], [ModifiedDate], [CreatedBy], [ModifiedBy], [EvaluationId]) VALUES (2028, N'Software Engineering', NULL, 1, CAST(N'0001-01-01T00:00:00.0000000' AS DateTime2), 0, 0, 2017)
INSERT [dbo].[Section] ([Id], [Name], [Description], [EvaluationScaleId], [ModifiedDate], [CreatedBy], [ModifiedBy], [EvaluationId]) VALUES (2029, N'Programming', NULL, 1, CAST(N'0001-01-01T00:00:00.0000000' AS DateTime2), 0, 0, 2017)
INSERT [dbo].[Section] ([Id], [Name], [Description], [EvaluationScaleId], [ModifiedDate], [CreatedBy], [ModifiedBy], [EvaluationId]) VALUES (3028, N'Software Engineering', NULL, 1, CAST(N'0001-01-01T00:00:00.0000000' AS DateTime2), 0, 0, 3017)
INSERT [dbo].[Section] ([Id], [Name], [Description], [EvaluationScaleId], [ModifiedDate], [CreatedBy], [ModifiedBy], [EvaluationId]) VALUES (3029, N'Programming', NULL, 1, CAST(N'0001-01-01T00:00:00.0000000' AS DateTime2), 0, 0, 3017)
INSERT [dbo].[Section] ([Id], [Name], [Description], [EvaluationScaleId], [ModifiedDate], [CreatedBy], [ModifiedBy], [EvaluationId]) VALUES (3030, N'Software Engineering', NULL, 1, CAST(N'0001-01-01T00:00:00.0000000' AS DateTime2), 0, 0, 3018)
INSERT [dbo].[Section] ([Id], [Name], [Description], [EvaluationScaleId], [ModifiedDate], [CreatedBy], [ModifiedBy], [EvaluationId]) VALUES (3031, N'Programming', NULL, 1, CAST(N'0001-01-01T00:00:00.0000000' AS DateTime2), 0, 0, 3018)
INSERT [dbo].[Section] ([Id], [Name], [Description], [EvaluationScaleId], [ModifiedDate], [CreatedBy], [ModifiedBy], [EvaluationId]) VALUES (4030, N'Software Engineering', NULL, 1, CAST(N'0001-01-01T00:00:00.0000000' AS DateTime2), 0, 0, 4018)
INSERT [dbo].[Section] ([Id], [Name], [Description], [EvaluationScaleId], [ModifiedDate], [CreatedBy], [ModifiedBy], [EvaluationId]) VALUES (4031, N'Programming', NULL, 1, CAST(N'0001-01-01T00:00:00.0000000' AS DateTime2), 0, 0, 4018)
INSERT [dbo].[Section] ([Id], [Name], [Description], [EvaluationScaleId], [ModifiedDate], [CreatedBy], [ModifiedBy], [EvaluationId]) VALUES (4032, N'Software Engineering', NULL, 1, CAST(N'0001-01-01T00:00:00.0000000' AS DateTime2), 0, 0, 4019)
INSERT [dbo].[Section] ([Id], [Name], [Description], [EvaluationScaleId], [ModifiedDate], [CreatedBy], [ModifiedBy], [EvaluationId]) VALUES (4033, N'Programming', NULL, 1, CAST(N'0001-01-01T00:00:00.0000000' AS DateTime2), 0, 0, 4019)
INSERT [dbo].[Section] ([Id], [Name], [Description], [EvaluationScaleId], [ModifiedDate], [CreatedBy], [ModifiedBy], [EvaluationId]) VALUES (5032, N'Software Engineering', NULL, 1, CAST(N'0001-01-01T00:00:00.0000000' AS DateTime2), 0, 0, 5019)
INSERT [dbo].[Section] ([Id], [Name], [Description], [EvaluationScaleId], [ModifiedDate], [CreatedBy], [ModifiedBy], [EvaluationId]) VALUES (5033, N'Programming', NULL, 1, CAST(N'0001-01-01T00:00:00.0000000' AS DateTime2), 0, 0, 5019)
SET IDENTITY_INSERT [dbo].[Section] OFF
SET IDENTITY_INSERT [dbo].[Criteria] ON 

INSERT [dbo].[Criteria] ([Id], [Name], [ModifiedDate], [CreatedBy], [ModifiedBy], [GradeId], [SectionId]) VALUES (7, N'Naming + proper comments', CAST(N'2001-01-01T00:00:00.0000000' AS DateTime2), 3, 3, 5, 2)
INSERT [dbo].[Criteria] ([Id], [Name], [ModifiedDate], [CreatedBy], [ModifiedBy], [GradeId], [SectionId]) VALUES (14, N'Method Cohesion', CAST(N'2001-01-01T00:00:00.0000000' AS DateTime2), 3, 3, 6, 2)
INSERT [dbo].[Criteria] ([Id], [Name], [ModifiedDate], [CreatedBy], [ModifiedBy], [GradeId], [SectionId]) VALUES (15, N'Class Cohesion', CAST(N'2001-01-01T00:00:00.0000000' AS DateTime2), 3, 3, 7, 2)
INSERT [dbo].[Criteria] ([Id], [Name], [ModifiedDate], [CreatedBy], [ModifiedBy], [GradeId], [SectionId]) VALUES (16, N'Class Coupling', CAST(N'2001-01-01T00:00:00.0000000' AS DateTime2), 3, 3, 5, 4)
INSERT [dbo].[Criteria] ([Id], [Name], [ModifiedDate], [CreatedBy], [ModifiedBy], [GradeId], [SectionId]) VALUES (17, N'Open Close Criterion', CAST(N'2001-01-01T00:00:00.0000000' AS DateTime2), 3, 3, 6, 4)
INSERT [dbo].[Criteria] ([Id], [Name], [ModifiedDate], [CreatedBy], [ModifiedBy], [GradeId], [SectionId]) VALUES (18, N'Naming + proper comments', CAST(N'2001-01-01T00:00:00.0000000' AS DateTime2), 3, 3, 5, 10)
INSERT [dbo].[Criteria] ([Id], [Name], [ModifiedDate], [CreatedBy], [ModifiedBy], [GradeId], [SectionId]) VALUES (19, N'Method Cohesion', CAST(N'2001-01-01T00:00:00.0000000' AS DateTime2), 3, 3, 6, 10)
INSERT [dbo].[Criteria] ([Id], [Name], [ModifiedDate], [CreatedBy], [ModifiedBy], [GradeId], [SectionId]) VALUES (20, N'Patience', CAST(N'2001-01-01T00:00:00.0000000' AS DateTime2), 3, 3, 4, 11)
INSERT [dbo].[Criteria] ([Id], [Name], [ModifiedDate], [CreatedBy], [ModifiedBy], [GradeId], [SectionId]) VALUES (21, N'Involvement', CAST(N'2001-01-01T00:00:00.0000000' AS DateTime2), 3, 3, 3, 11)
INSERT [dbo].[Criteria] ([Id], [Name], [ModifiedDate], [CreatedBy], [ModifiedBy], [GradeId], [SectionId]) VALUES (22, N'Patience', CAST(N'2001-01-01T00:00:00.0000000' AS DateTime2), 3, 3, 3, 12)
INSERT [dbo].[Criteria] ([Id], [Name], [ModifiedDate], [CreatedBy], [ModifiedBy], [GradeId], [SectionId]) VALUES (23, N'Involvement', CAST(N'2001-01-01T00:00:00.0000000' AS DateTime2), 3, 3, 4, 12)
INSERT [dbo].[Criteria] ([Id], [Name], [ModifiedDate], [CreatedBy], [ModifiedBy], [GradeId], [SectionId]) VALUES (24, N'Ask questions for clarification', CAST(N'2001-01-01T00:00:00.0000000' AS DateTime2), 3, 3, NULL, 13)
INSERT [dbo].[Criteria] ([Id], [Name], [ModifiedDate], [CreatedBy], [ModifiedBy], [GradeId], [SectionId]) VALUES (25, N'Demonstrate concern', CAST(N'2001-01-01T00:00:00.0000000' AS DateTime2), 3, 3, 4, 13)
INSERT [dbo].[Criteria] ([Id], [Name], [ModifiedDate], [CreatedBy], [ModifiedBy], [GradeId], [SectionId]) VALUES (26, N'Using nonverbal cues', CAST(N'2001-01-01T00:00:00.0000000' AS DateTime2), 3, 3, NULL, 13)
INSERT [dbo].[Criteria] ([Id], [Name], [ModifiedDate], [CreatedBy], [ModifiedBy], [GradeId], [SectionId]) VALUES (27, N'Make eye contact', CAST(N'2001-01-01T00:00:00.0000000' AS DateTime2), 3, 3, NULL, 14)
INSERT [dbo].[Criteria] ([Id], [Name], [ModifiedDate], [CreatedBy], [ModifiedBy], [GradeId], [SectionId]) VALUES (28, N'Stick to deadlines', CAST(N'2001-01-01T00:00:00.0000000' AS DateTime2), 3, 3, NULL, 15)
INSERT [dbo].[Criteria] ([Id], [Name], [ModifiedDate], [CreatedBy], [ModifiedBy], [GradeId], [SectionId]) VALUES (29, N'Complete asigned tasks', CAST(N'2001-01-01T00:00:00.0000000' AS DateTime2), 3, 3, 4, 15)
INSERT [dbo].[Criteria] ([Id], [Name], [ModifiedDate], [CreatedBy], [ModifiedBy], [GradeId], [SectionId]) VALUES (30, N'Naming + proper comments', CAST(N'0001-01-01T00:00:00.0000000' AS DateTime2), 0, 0, 2, 16)
INSERT [dbo].[Criteria] ([Id], [Name], [ModifiedDate], [CreatedBy], [ModifiedBy], [GradeId], [SectionId]) VALUES (31, N'Method Cohesion', CAST(N'0001-01-01T00:00:00.0000000' AS DateTime2), 0, 0, 2, 16)
INSERT [dbo].[Criteria] ([Id], [Name], [ModifiedDate], [CreatedBy], [ModifiedBy], [GradeId], [SectionId]) VALUES (32, N'Class Cohesion', CAST(N'0001-01-01T00:00:00.0000000' AS DateTime2), 0, 0, 2, 16)
INSERT [dbo].[Criteria] ([Id], [Name], [ModifiedDate], [CreatedBy], [ModifiedBy], [GradeId], [SectionId]) VALUES (33, N'Class Coupling', CAST(N'0001-01-01T00:00:00.0000000' AS DateTime2), 0, 0, 2, 17)
INSERT [dbo].[Criteria] ([Id], [Name], [ModifiedDate], [CreatedBy], [ModifiedBy], [GradeId], [SectionId]) VALUES (34, N'Open Close Criterion', CAST(N'0001-01-01T00:00:00.0000000' AS DateTime2), 0, 0, 6, 17)
INSERT [dbo].[Criteria] ([Id], [Name], [ModifiedDate], [CreatedBy], [ModifiedBy], [GradeId], [SectionId]) VALUES (35, N'Naming + proper comments', CAST(N'0001-01-01T00:00:00.0000000' AS DateTime2), 0, 0, 2, 18)
INSERT [dbo].[Criteria] ([Id], [Name], [ModifiedDate], [CreatedBy], [ModifiedBy], [GradeId], [SectionId]) VALUES (36, N'Method Cohesion', CAST(N'0001-01-01T00:00:00.0000000' AS DateTime2), 0, 0, 2, 18)
INSERT [dbo].[Criteria] ([Id], [Name], [ModifiedDate], [CreatedBy], [ModifiedBy], [GradeId], [SectionId]) VALUES (37, N'Class Cohesion', CAST(N'0001-01-01T00:00:00.0000000' AS DateTime2), 0, 0, 2, 18)
INSERT [dbo].[Criteria] ([Id], [Name], [ModifiedDate], [CreatedBy], [ModifiedBy], [GradeId], [SectionId]) VALUES (38, N'Class Coupling', CAST(N'0001-01-01T00:00:00.0000000' AS DateTime2), 0, 0, 2, 19)
INSERT [dbo].[Criteria] ([Id], [Name], [ModifiedDate], [CreatedBy], [ModifiedBy], [GradeId], [SectionId]) VALUES (39, N'Open Close Criterion', CAST(N'0001-01-01T00:00:00.0000000' AS DateTime2), 0, 0, 2, 19)
INSERT [dbo].[Criteria] ([Id], [Name], [ModifiedDate], [CreatedBy], [ModifiedBy], [GradeId], [SectionId]) VALUES (40, N'Naming + proper comments', CAST(N'0001-01-01T00:00:00.0000000' AS DateTime2), 0, 0, 6, 20)
INSERT [dbo].[Criteria] ([Id], [Name], [ModifiedDate], [CreatedBy], [ModifiedBy], [GradeId], [SectionId]) VALUES (41, N'Method Cohesion', CAST(N'0001-01-01T00:00:00.0000000' AS DateTime2), 0, 0, 7, 20)
INSERT [dbo].[Criteria] ([Id], [Name], [ModifiedDate], [CreatedBy], [ModifiedBy], [GradeId], [SectionId]) VALUES (42, N'Class Cohesion', CAST(N'0001-01-01T00:00:00.0000000' AS DateTime2), 0, 0, 2, 20)
INSERT [dbo].[Criteria] ([Id], [Name], [ModifiedDate], [CreatedBy], [ModifiedBy], [GradeId], [SectionId]) VALUES (43, N'Class Coupling', CAST(N'0001-01-01T00:00:00.0000000' AS DateTime2), 0, 0, 2, 21)
INSERT [dbo].[Criteria] ([Id], [Name], [ModifiedDate], [CreatedBy], [ModifiedBy], [GradeId], [SectionId]) VALUES (44, N'Open Close Criterion', CAST(N'0001-01-01T00:00:00.0000000' AS DateTime2), 0, 0, 3, 21)
INSERT [dbo].[Criteria] ([Id], [Name], [ModifiedDate], [CreatedBy], [ModifiedBy], [GradeId], [SectionId]) VALUES (1040, N'Naming + proper comments', CAST(N'0001-01-01T00:00:00.0000000' AS DateTime2), 0, 0, 4, 1020)
INSERT [dbo].[Criteria] ([Id], [Name], [ModifiedDate], [CreatedBy], [ModifiedBy], [GradeId], [SectionId]) VALUES (1041, N'Method Cohesion', CAST(N'0001-01-01T00:00:00.0000000' AS DateTime2), 0, 0, 5, 1020)
INSERT [dbo].[Criteria] ([Id], [Name], [ModifiedDate], [CreatedBy], [ModifiedBy], [GradeId], [SectionId]) VALUES (1042, N'Class Cohesion', CAST(N'0001-01-01T00:00:00.0000000' AS DateTime2), 0, 0, 2, 1020)
INSERT [dbo].[Criteria] ([Id], [Name], [ModifiedDate], [CreatedBy], [ModifiedBy], [GradeId], [SectionId]) VALUES (1043, N'Class Coupling', CAST(N'0001-01-01T00:00:00.0000000' AS DateTime2), 0, 0, 2, 1021)
INSERT [dbo].[Criteria] ([Id], [Name], [ModifiedDate], [CreatedBy], [ModifiedBy], [GradeId], [SectionId]) VALUES (1044, N'Open Close Criterion', CAST(N'0001-01-01T00:00:00.0000000' AS DateTime2), 0, 0, 2, 1021)
INSERT [dbo].[Criteria] ([Id], [Name], [ModifiedDate], [CreatedBy], [ModifiedBy], [GradeId], [SectionId]) VALUES (2040, N'Naming + proper comments', CAST(N'0001-01-01T00:00:00.0000000' AS DateTime2), 0, 0, 6, 2020)
INSERT [dbo].[Criteria] ([Id], [Name], [ModifiedDate], [CreatedBy], [ModifiedBy], [GradeId], [SectionId]) VALUES (2041, N'Method Cohesion', CAST(N'0001-01-01T00:00:00.0000000' AS DateTime2), 0, 0, 6, 2020)
INSERT [dbo].[Criteria] ([Id], [Name], [ModifiedDate], [CreatedBy], [ModifiedBy], [GradeId], [SectionId]) VALUES (2042, N'Class Cohesion', CAST(N'0001-01-01T00:00:00.0000000' AS DateTime2), 0, 0, 2, 2020)
INSERT [dbo].[Criteria] ([Id], [Name], [ModifiedDate], [CreatedBy], [ModifiedBy], [GradeId], [SectionId]) VALUES (2043, N'Class Coupling', CAST(N'0001-01-01T00:00:00.0000000' AS DateTime2), 0, 0, 2, 2021)
INSERT [dbo].[Criteria] ([Id], [Name], [ModifiedDate], [CreatedBy], [ModifiedBy], [GradeId], [SectionId]) VALUES (2044, N'Open Close Criterion', CAST(N'0001-01-01T00:00:00.0000000' AS DateTime2), 0, 0, 2, 2021)
INSERT [dbo].[Criteria] ([Id], [Name], [ModifiedDate], [CreatedBy], [ModifiedBy], [GradeId], [SectionId]) VALUES (2045, N'Naming + proper comments', CAST(N'0001-01-01T00:00:00.0000000' AS DateTime2), 0, 0, 2, 2022)
INSERT [dbo].[Criteria] ([Id], [Name], [ModifiedDate], [CreatedBy], [ModifiedBy], [GradeId], [SectionId]) VALUES (2046, N'Method Cohesion', CAST(N'0001-01-01T00:00:00.0000000' AS DateTime2), 0, 0, 5, 2022)
INSERT [dbo].[Criteria] ([Id], [Name], [ModifiedDate], [CreatedBy], [ModifiedBy], [GradeId], [SectionId]) VALUES (2047, N'Class Cohesion', CAST(N'0001-01-01T00:00:00.0000000' AS DateTime2), 0, 0, 6, 2022)
INSERT [dbo].[Criteria] ([Id], [Name], [ModifiedDate], [CreatedBy], [ModifiedBy], [GradeId], [SectionId]) VALUES (2048, N'Class Coupling', CAST(N'0001-01-01T00:00:00.0000000' AS DateTime2), 0, 0, 2, 2023)
INSERT [dbo].[Criteria] ([Id], [Name], [ModifiedDate], [CreatedBy], [ModifiedBy], [GradeId], [SectionId]) VALUES (2049, N'Open Close Criterion', CAST(N'0001-01-01T00:00:00.0000000' AS DateTime2), 0, 0, 2, 2023)
INSERT [dbo].[Criteria] ([Id], [Name], [ModifiedDate], [CreatedBy], [ModifiedBy], [GradeId], [SectionId]) VALUES (2050, N'Naming + proper comments', CAST(N'0001-01-01T00:00:00.0000000' AS DateTime2), 0, 0, NULL, 2024)
INSERT [dbo].[Criteria] ([Id], [Name], [ModifiedDate], [CreatedBy], [ModifiedBy], [GradeId], [SectionId]) VALUES (2051, N'Method Cohesion', CAST(N'0001-01-01T00:00:00.0000000' AS DateTime2), 0, 0, 3, 2024)
INSERT [dbo].[Criteria] ([Id], [Name], [ModifiedDate], [CreatedBy], [ModifiedBy], [GradeId], [SectionId]) VALUES (2052, N'Class Cohesion', CAST(N'0001-01-01T00:00:00.0000000' AS DateTime2), 0, 0, NULL, 2024)
INSERT [dbo].[Criteria] ([Id], [Name], [ModifiedDate], [CreatedBy], [ModifiedBy], [GradeId], [SectionId]) VALUES (2053, N'Class Coupling', CAST(N'0001-01-01T00:00:00.0000000' AS DateTime2), 0, 0, NULL, 2025)
INSERT [dbo].[Criteria] ([Id], [Name], [ModifiedDate], [CreatedBy], [ModifiedBy], [GradeId], [SectionId]) VALUES (2054, N'Open Close Criterion', CAST(N'0001-01-01T00:00:00.0000000' AS DateTime2), 0, 0, NULL, 2025)
INSERT [dbo].[Criteria] ([Id], [Name], [ModifiedDate], [CreatedBy], [ModifiedBy], [GradeId], [SectionId]) VALUES (2055, N'Naming + proper comments', CAST(N'0001-01-01T00:00:00.0000000' AS DateTime2), 0, 0, NULL, 2026)
INSERT [dbo].[Criteria] ([Id], [Name], [ModifiedDate], [CreatedBy], [ModifiedBy], [GradeId], [SectionId]) VALUES (2056, N'Method Cohesion', CAST(N'0001-01-01T00:00:00.0000000' AS DateTime2), 0, 0, 3, 2026)
INSERT [dbo].[Criteria] ([Id], [Name], [ModifiedDate], [CreatedBy], [ModifiedBy], [GradeId], [SectionId]) VALUES (2057, N'Class Cohesion', CAST(N'0001-01-01T00:00:00.0000000' AS DateTime2), 0, 0, 6, 2026)
INSERT [dbo].[Criteria] ([Id], [Name], [ModifiedDate], [CreatedBy], [ModifiedBy], [GradeId], [SectionId]) VALUES (2058, N'Class Coupling', CAST(N'0001-01-01T00:00:00.0000000' AS DateTime2), 0, 0, NULL, 2027)
INSERT [dbo].[Criteria] ([Id], [Name], [ModifiedDate], [CreatedBy], [ModifiedBy], [GradeId], [SectionId]) VALUES (2059, N'Open Close Criterion', CAST(N'0001-01-01T00:00:00.0000000' AS DateTime2), 0, 0, NULL, 2027)
INSERT [dbo].[Criteria] ([Id], [Name], [ModifiedDate], [CreatedBy], [ModifiedBy], [GradeId], [SectionId]) VALUES (2060, N'Naming + proper comments', CAST(N'0001-01-01T00:00:00.0000000' AS DateTime2), 0, 0, 6, 2028)
INSERT [dbo].[Criteria] ([Id], [Name], [ModifiedDate], [CreatedBy], [ModifiedBy], [GradeId], [SectionId]) VALUES (2061, N'Method Cohesion', CAST(N'0001-01-01T00:00:00.0000000' AS DateTime2), 0, 0, NULL, 2028)
INSERT [dbo].[Criteria] ([Id], [Name], [ModifiedDate], [CreatedBy], [ModifiedBy], [GradeId], [SectionId]) VALUES (2062, N'Class Cohesion', CAST(N'0001-01-01T00:00:00.0000000' AS DateTime2), 0, 0, 6, 2028)
INSERT [dbo].[Criteria] ([Id], [Name], [ModifiedDate], [CreatedBy], [ModifiedBy], [GradeId], [SectionId]) VALUES (2063, N'Class Coupling', CAST(N'0001-01-01T00:00:00.0000000' AS DateTime2), 0, 0, 6, 2029)
INSERT [dbo].[Criteria] ([Id], [Name], [ModifiedDate], [CreatedBy], [ModifiedBy], [GradeId], [SectionId]) VALUES (2064, N'Open Close Criterion', CAST(N'0001-01-01T00:00:00.0000000' AS DateTime2), 0, 0, NULL, 2029)
INSERT [dbo].[Criteria] ([Id], [Name], [ModifiedDate], [CreatedBy], [ModifiedBy], [GradeId], [SectionId]) VALUES (3060, N'Naming + proper comments', CAST(N'0001-01-01T00:00:00.0000000' AS DateTime2), 0, 0, NULL, 3028)
INSERT [dbo].[Criteria] ([Id], [Name], [ModifiedDate], [CreatedBy], [ModifiedBy], [GradeId], [SectionId]) VALUES (3061, N'Method Cohesion', CAST(N'0001-01-01T00:00:00.0000000' AS DateTime2), 0, 0, 3, 3028)
INSERT [dbo].[Criteria] ([Id], [Name], [ModifiedDate], [CreatedBy], [ModifiedBy], [GradeId], [SectionId]) VALUES (3062, N'Class Cohesion', CAST(N'0001-01-01T00:00:00.0000000' AS DateTime2), 0, 0, NULL, 3028)
INSERT [dbo].[Criteria] ([Id], [Name], [ModifiedDate], [CreatedBy], [ModifiedBy], [GradeId], [SectionId]) VALUES (3063, N'Class Coupling', CAST(N'0001-01-01T00:00:00.0000000' AS DateTime2), 0, 0, NULL, 3029)
INSERT [dbo].[Criteria] ([Id], [Name], [ModifiedDate], [CreatedBy], [ModifiedBy], [GradeId], [SectionId]) VALUES (3064, N'Open Close Criterion', CAST(N'0001-01-01T00:00:00.0000000' AS DateTime2), 0, 0, NULL, 3029)
INSERT [dbo].[Criteria] ([Id], [Name], [ModifiedDate], [CreatedBy], [ModifiedBy], [GradeId], [SectionId]) VALUES (3065, N'Naming + proper comments', CAST(N'0001-01-01T00:00:00.0000000' AS DateTime2), 0, 0, 4, 3030)
INSERT [dbo].[Criteria] ([Id], [Name], [ModifiedDate], [CreatedBy], [ModifiedBy], [GradeId], [SectionId]) VALUES (3066, N'Method Cohesion', CAST(N'0001-01-01T00:00:00.0000000' AS DateTime2), 0, 0, 3, 3030)
INSERT [dbo].[Criteria] ([Id], [Name], [ModifiedDate], [CreatedBy], [ModifiedBy], [GradeId], [SectionId]) VALUES (3067, N'Class Cohesion', CAST(N'0001-01-01T00:00:00.0000000' AS DateTime2), 0, 0, NULL, 3030)
INSERT [dbo].[Criteria] ([Id], [Name], [ModifiedDate], [CreatedBy], [ModifiedBy], [GradeId], [SectionId]) VALUES (3068, N'Class Coupling', CAST(N'0001-01-01T00:00:00.0000000' AS DateTime2), 0, 0, NULL, 3031)
INSERT [dbo].[Criteria] ([Id], [Name], [ModifiedDate], [CreatedBy], [ModifiedBy], [GradeId], [SectionId]) VALUES (3069, N'Open Close Criterion', CAST(N'0001-01-01T00:00:00.0000000' AS DateTime2), 0, 0, NULL, 3031)
INSERT [dbo].[Criteria] ([Id], [Name], [ModifiedDate], [CreatedBy], [ModifiedBy], [GradeId], [SectionId]) VALUES (4065, N'Naming + proper comments', CAST(N'0001-01-01T00:00:00.0000000' AS DateTime2), 0, 0, 3, 4030)
INSERT [dbo].[Criteria] ([Id], [Name], [ModifiedDate], [CreatedBy], [ModifiedBy], [GradeId], [SectionId]) VALUES (4066, N'Method Cohesion', CAST(N'0001-01-01T00:00:00.0000000' AS DateTime2), 0, 0, NULL, 4030)
INSERT [dbo].[Criteria] ([Id], [Name], [ModifiedDate], [CreatedBy], [ModifiedBy], [GradeId], [SectionId]) VALUES (4067, N'Class Cohesion', CAST(N'0001-01-01T00:00:00.0000000' AS DateTime2), 0, 0, 3, 4030)
INSERT [dbo].[Criteria] ([Id], [Name], [ModifiedDate], [CreatedBy], [ModifiedBy], [GradeId], [SectionId]) VALUES (4068, N'Class Coupling', CAST(N'0001-01-01T00:00:00.0000000' AS DateTime2), 0, 0, NULL, 4031)
INSERT [dbo].[Criteria] ([Id], [Name], [ModifiedDate], [CreatedBy], [ModifiedBy], [GradeId], [SectionId]) VALUES (4069, N'Open Close Criterion', CAST(N'0001-01-01T00:00:00.0000000' AS DateTime2), 0, 0, NULL, 4031)
INSERT [dbo].[Criteria] ([Id], [Name], [ModifiedDate], [CreatedBy], [ModifiedBy], [GradeId], [SectionId]) VALUES (4070, N'Naming + proper comments', CAST(N'0001-01-01T00:00:00.0000000' AS DateTime2), 0, 0, 3, 4032)
INSERT [dbo].[Criteria] ([Id], [Name], [ModifiedDate], [CreatedBy], [ModifiedBy], [GradeId], [SectionId]) VALUES (4071, N'Method Cohesion', CAST(N'0001-01-01T00:00:00.0000000' AS DateTime2), 0, 0, 3, 4032)
INSERT [dbo].[Criteria] ([Id], [Name], [ModifiedDate], [CreatedBy], [ModifiedBy], [GradeId], [SectionId]) VALUES (4072, N'Class Cohesion', CAST(N'0001-01-01T00:00:00.0000000' AS DateTime2), 0, 0, 3, 4032)
INSERT [dbo].[Criteria] ([Id], [Name], [ModifiedDate], [CreatedBy], [ModifiedBy], [GradeId], [SectionId]) VALUES (4073, N'Class Coupling', CAST(N'0001-01-01T00:00:00.0000000' AS DateTime2), 0, 0, NULL, 4033)
INSERT [dbo].[Criteria] ([Id], [Name], [ModifiedDate], [CreatedBy], [ModifiedBy], [GradeId], [SectionId]) VALUES (4074, N'Open Close Criterion', CAST(N'0001-01-01T00:00:00.0000000' AS DateTime2), 0, 0, NULL, 4033)
INSERT [dbo].[Criteria] ([Id], [Name], [ModifiedDate], [CreatedBy], [ModifiedBy], [GradeId], [SectionId]) VALUES (5070, N'Naming + proper comments', CAST(N'0001-01-01T00:00:00.0000000' AS DateTime2), 0, 0, 7, 5032)
INSERT [dbo].[Criteria] ([Id], [Name], [ModifiedDate], [CreatedBy], [ModifiedBy], [GradeId], [SectionId]) VALUES (5071, N'Method Cohesion', CAST(N'0001-01-01T00:00:00.0000000' AS DateTime2), 0, 0, NULL, 5032)
INSERT [dbo].[Criteria] ([Id], [Name], [ModifiedDate], [CreatedBy], [ModifiedBy], [GradeId], [SectionId]) VALUES (5072, N'Class Cohesion', CAST(N'0001-01-01T00:00:00.0000000' AS DateTime2), 0, 0, 2, 5032)
INSERT [dbo].[Criteria] ([Id], [Name], [ModifiedDate], [CreatedBy], [ModifiedBy], [GradeId], [SectionId]) VALUES (5073, N'Class Coupling', CAST(N'0001-01-01T00:00:00.0000000' AS DateTime2), 0, 0, NULL, 5033)
INSERT [dbo].[Criteria] ([Id], [Name], [ModifiedDate], [CreatedBy], [ModifiedBy], [GradeId], [SectionId]) VALUES (5074, N'Open Close Criterion', CAST(N'0001-01-01T00:00:00.0000000' AS DateTime2), 0, 0, 3, 5033)
SET IDENTITY_INSERT [dbo].[Criteria] OFF
